Names,Prices,Change,% Change,Market Cap,Volume,Circulating Supply
Bitcoin USD,"44,851.56",+601.26,+1.36%,851.976B,18.546B,18.995M
Ethereum USD,"3,171.00",+50.56,+1.62%,380.945B,9.695B,120.134M
Tether USD,1.0004,-0.0001,-0.01%,81.366B,44.152B,81.332B
Binance Coin USD,417.66,+3.90,+0.94%,68.963B,1.114B,165.117M
USD Coin USD,1.0001,+0.0003,+0.03%,51.998B,2.364B,51.993B
XRP USD,0.843682,+0.012290,+1.48%,40.599B,1.178B,48.122B
Cardano USD,1.1316,-0.0020,-0.18%,38.166B,1.104B,33.726B
Solana USD,101.33,-1.56,-1.51%,32.924B,1.116B,324.932M
Terra USD,90.39,-0.07,-0.07%,32.213B,856.043M,356.369M
HEX USD,0.151748,+0.010237,+7.23%,26.315B,17.48M,173.411B
Avalanche USD,85.74,-0.79,-0.92%,22.917B,530.953M,267.266M
Polkadot USD,21.13,+0.20,+0.96%,20.867B,527.595M,987.579M
Dogecoin USD,0.142022,+0.009512,+7.18%,18.842B,1.255B,132.671B
Binance USD USD,0.999524,-0.001571,-0.16%,17.558B,3B,17.566B
TerraUSD USD,1.0006,-0.0008,-0.08%,16.192B,294.497M,16.183B
SHIBA INU USD,0.000025,+0.000000,+1.38%,13.564B,563.498M,549.063T
Polygon USD,1.6478,+0.0581,+3.66%,12.69B,480.793M,7.701B
Wrapped Bitcoin USD,"44,799.12",+505.52,+1.14%,12.29B,151.852M,"274,330"
Crypto.com Coin USD,0.464256,+0.013466,+2.99%,11.729B,59.957M,25.263B
Dai USD,1.0001,+0.0005,+0.05%,9.671B,157.87M,9.67B
Litecoin USD,125.59,+2.81,+2.29%,8.783B,595.551M,69.937M
NEAR Protocol USD,12.82,-0.21,-1.64%,8.473B,461.511M,660.883M
Cosmos USD,28.61,-0.10,-0.35%,8.193B,365.606M,286.37M
Chainlink USD,16.08,+0.47,+2.98%,7.51B,463.646M,467.01M
Uniswap USD,10.72,+0.18,+1.66%,7.383B,170.617M,689.006M
Bitcoin USD,"44,851.56",+601.26,+1.36%,851.976B,18.546B,18.995M
Ethereum USD,"3,171.00",+50.56,+1.62%,380.945B,9.695B,120.134M
Tether USD,1.0004,-0.0001,-0.01%,81.366B,44.152B,81.332B
Binance Coin USD,417.66,+3.90,+0.94%,68.963B,1.114B,165.117M
USD Coin USD,1.0001,+0.0003,+0.03%,51.998B,2.364B,51.993B
XRP USD,0.843682,+0.012290,+1.48%,40.599B,1.178B,48.122B
Cardano USD,1.1316,-0.0020,-0.18%,38.166B,1.104B,33.726B
Solana USD,101.33,-1.56,-1.51%,32.924B,1.116B,324.932M
Terra USD,90.39,-0.07,-0.07%,32.213B,856.043M,356.369M
HEX USD,0.151748,+0.010237,+7.23%,26.315B,17.48M,173.411B
Avalanche USD,85.74,-0.79,-0.92%,22.917B,530.953M,267.266M
Polkadot USD,21.13,+0.20,+0.96%,20.867B,527.595M,987.579M
Dogecoin USD,0.142022,+0.009512,+7.18%,18.842B,1.255B,132.671B
Binance USD USD,0.999524,-0.001571,-0.16%,17.558B,3B,17.566B
TerraUSD USD,1.0006,-0.0008,-0.08%,16.192B,294.497M,16.183B
SHIBA INU USD,0.000025,+0.000000,+1.38%,13.564B,563.498M,549.063T
Polygon USD,1.6478,+0.0581,+3.66%,12.69B,480.793M,7.701B
Wrapped Bitcoin USD,"44,799.12",+505.52,+1.14%,12.29B,151.852M,"274,330"
Crypto.com Coin USD,0.464256,+0.013466,+2.99%,11.729B,59.957M,25.263B
Dai USD,1.0001,+0.0005,+0.05%,9.671B,157.87M,9.67B
Litecoin USD,125.59,+2.81,+2.29%,8.783B,595.551M,69.937M
NEAR Protocol USD,12.82,-0.21,-1.64%,8.473B,461.511M,660.883M
Cosmos USD,28.61,-0.10,-0.35%,8.193B,365.606M,286.37M
Chainlink USD,16.08,+0.47,+2.98%,7.51B,463.646M,467.01M
Uniswap USD,10.72,+0.18,+1.66%,7.383B,170.617M,689.006M
Bitcoin USD,"44,851.56",+601.26,+1.36%,851.976B,18.546B,18.995M
Ethereum USD,"3,171.00",+50.56,+1.62%,380.945B,9.695B,120.134M
Tether USD,1.0004,-0.0001,-0.01%,81.366B,44.152B,81.332B
Binance Coin USD,417.66,+3.90,+0.94%,68.963B,1.114B,165.117M
USD Coin USD,1.0001,+0.0003,+0.03%,51.998B,2.364B,51.993B
XRP USD,0.843682,+0.012290,+1.48%,40.599B,1.178B,48.122B
Cardano USD,1.1316,-0.0020,-0.18%,38.166B,1.104B,33.726B
Solana USD,101.33,-1.56,-1.51%,32.924B,1.116B,324.932M
Terra USD,90.39,-0.07,-0.07%,32.213B,856.043M,356.369M
HEX USD,0.151748,+0.010237,+7.23%,26.315B,17.48M,173.411B
Avalanche USD,85.74,-0.79,-0.92%,22.917B,530.953M,267.266M
Polkadot USD,21.13,+0.20,+0.96%,20.867B,527.595M,987.579M
Dogecoin USD,0.142022,+0.009512,+7.18%,18.842B,1.255B,132.671B
Binance USD USD,0.999524,-0.001571,-0.16%,17.558B,3B,17.566B
TerraUSD USD,1.0006,-0.0008,-0.08%,16.192B,294.497M,16.183B
SHIBA INU USD,0.000025,+0.000000,+1.38%,13.564B,563.498M,549.063T
Polygon USD,1.6478,+0.0581,+3.66%,12.69B,480.793M,7.701B
Wrapped Bitcoin USD,"44,799.12",+505.52,+1.14%,12.29B,151.852M,"274,330"
Crypto.com Coin USD,0.464256,+0.013466,+2.99%,11.729B,59.957M,25.263B
Dai USD,1.0001,+0.0005,+0.05%,9.671B,157.87M,9.67B
Litecoin USD,125.59,+2.81,+2.29%,8.783B,595.551M,69.937M
NEAR Protocol USD,12.82,-0.21,-1.64%,8.473B,461.511M,660.883M
Cosmos USD,28.61,-0.10,-0.35%,8.193B,365.606M,286.37M
Chainlink USD,16.08,+0.47,+2.98%,7.51B,463.646M,467.01M
Uniswap USD,10.72,+0.18,+1.66%,7.383B,170.617M,689.006M
Bitcoin USD,"44,851.56",+601.26,+1.36%,851.976B,18.546B,18.995M
Ethereum USD,"3,171.00",+50.56,+1.62%,380.945B,9.695B,120.134M
Tether USD,1.0004,-0.0001,-0.01%,81.366B,44.152B,81.332B
Binance Coin USD,417.66,+3.90,+0.94%,68.963B,1.114B,165.117M
USD Coin USD,1.0001,+0.0003,+0.03%,51.998B,2.364B,51.993B
XRP USD,0.843682,+0.012290,+1.48%,40.599B,1.178B,48.122B
Cardano USD,1.1316,-0.0020,-0.18%,38.166B,1.104B,33.726B
Solana USD,101.33,-1.56,-1.51%,32.924B,1.116B,324.932M
Terra USD,90.39,-0.07,-0.07%,32.213B,856.043M,356.369M
HEX USD,0.151748,+0.010237,+7.23%,26.315B,17.48M,173.411B
Avalanche USD,85.74,-0.79,-0.92%,22.917B,530.953M,267.266M
Polkadot USD,21.13,+0.20,+0.96%,20.867B,527.595M,987.579M
Dogecoin USD,0.142022,+0.009512,+7.18%,18.842B,1.255B,132.671B
Binance USD USD,0.999524,-0.001571,-0.16%,17.558B,3B,17.566B
TerraUSD USD,1.0006,-0.0008,-0.08%,16.192B,294.497M,16.183B
SHIBA INU USD,0.000025,+0.000000,+1.38%,13.564B,563.498M,549.063T
Polygon USD,1.6478,+0.0581,+3.66%,12.69B,480.793M,7.701B
Wrapped Bitcoin USD,"44,799.12",+505.52,+1.14%,12.29B,151.852M,"274,330"
Crypto.com Coin USD,0.464256,+0.013466,+2.99%,11.729B,59.957M,25.263B
Dai USD,1.0001,+0.0005,+0.05%,9.671B,157.87M,9.67B
Litecoin USD,125.59,+2.81,+2.29%,8.783B,595.551M,69.937M
NEAR Protocol USD,12.82,-0.21,-1.64%,8.473B,461.511M,660.883M
Cosmos USD,28.61,-0.10,-0.35%,8.193B,365.606M,286.37M
Chainlink USD,16.08,+0.47,+2.98%,7.51B,463.646M,467.01M
Uniswap USD,10.72,+0.18,+1.66%,7.383B,170.617M,689.006M
Bitcoin USD,"44,851.56",+601.26,+1.36%,851.976B,18.546B,18.995M
Ethereum USD,"3,171.00",+50.56,+1.62%,380.945B,9.695B,120.134M
Tether USD,1.0004,-0.0001,-0.01%,81.366B,44.152B,81.332B
Binance Coin USD,417.66,+3.90,+0.94%,68.963B,1.114B,165.117M
USD Coin USD,1.0001,+0.0003,+0.03%,51.998B,2.364B,51.993B
XRP USD,0.843682,+0.012290,+1.48%,40.599B,1.178B,48.122B
Cardano USD,1.1316,-0.0020,-0.18%,38.166B,1.104B,33.726B
Solana USD,101.33,-1.56,-1.51%,32.924B,1.116B,324.932M
Terra USD,90.39,-0.07,-0.07%,32.213B,856.043M,356.369M
HEX USD,0.151748,+0.010237,+7.23%,26.315B,17.48M,173.411B
Avalanche USD,85.74,-0.79,-0.92%,22.917B,530.953M,267.266M
Polkadot USD,21.13,+0.20,+0.96%,20.867B,527.595M,987.579M
Dogecoin USD,0.142022,+0.009512,+7.18%,18.842B,1.255B,132.671B
Binance USD USD,0.999524,-0.001571,-0.16%,17.558B,3B,17.566B
TerraUSD USD,1.0006,-0.0008,-0.08%,16.192B,294.497M,16.183B
SHIBA INU USD,0.000025,+0.000000,+1.38%,13.564B,563.498M,549.063T
Polygon USD,1.6478,+0.0581,+3.66%,12.69B,480.793M,7.701B
Wrapped Bitcoin USD,"44,799.12",+505.52,+1.14%,12.29B,151.852M,"274,330"
Crypto.com Coin USD,0.464256,+0.013466,+2.99%,11.729B,59.957M,25.263B
Dai USD,1.0001,+0.0005,+0.05%,9.671B,157.87M,9.67B
Litecoin USD,125.59,+2.81,+2.29%,8.783B,595.551M,69.937M
NEAR Protocol USD,12.82,-0.21,-1.64%,8.473B,461.511M,660.883M
Cosmos USD,28.61,-0.10,-0.35%,8.193B,365.606M,286.37M
Chainlink USD,16.08,+0.47,+2.98%,7.51B,463.646M,467.01M
Uniswap USD,10.72,+0.18,+1.66%,7.383B,170.617M,689.006M
